product_id,name,category,price,description
618,Clean Architecture Handbook,Software Engineering,189000.00,A practical guide for organizing maintainable backend services and frontend boundaries.
619,Data Science Field Notes,Data Science,225000.00,"Compact lessons on model evaluation, feature engineering, and production analytics."
620,Vietnamese Home Cooking,Cookbooks,159000.00,"Everyday recipes for broths, stir fries, herbs, sauces, and weeknight family meals."
621,AeroPods Lite Wireless Earbuds,Earbuds,690000.00,"Lightweight Bluetooth earbuds with clear calls, touch controls, and a compact charging case."
622,NovaCharge 20000 Power Bank,Power Banks,820000.00,High-capacity portable charger with dual USB-C ports and fast charging support.
623,Lumina Desk Lamp Pro,Lighting,540000.00,"Adjustable LED desk lamp with dimming, color temperature control, and wireless charging."
624,Orbit Mini Bluetooth Speaker,Speakers,760000.00,"Portable speaker with a fabric grille, punchy bass, and all-day battery life."
625,Everyday Cotton Overshirt,Clothing,430000.00,Relaxed cotton overshirt with large pockets and a clean everyday silhouette.
626,City Runner Knit Sneakers,Shoes,990000.00,Breathable knit sneakers with cushioned soles for commuting and casual weekends.
627,Linen Weekend Tote,Bags,380000.00,Structured linen tote with reinforced handles and a padded inner pocket.
628,Ceramic Pour Over Set,Kitchen & Dining,470000.00,Minimal ceramic coffee dripper with a matching server for slow morning brewing.
629,Bamboo Storage Organizer,Storage & Organization,310000.00,"Modular bamboo organizer for desks, cosmetics, stationery, and small home essentials."
630,Principles of Anatomy and Physiology,Software Engineering,240448.00,"Principles of Anatomy and Physiology by Gerard J. Tortora, listed in Open Library subject data for software."
631,"Advances in Computers, Volume 49 (Advances in Computers)",Software Engineering,122715.00,"Advances in Computers, Volume 49 (Advances in Computers) by Marvin V. Zelkowitz, listed in Open Library subject data for software."
632,The C Programming Language,Software Engineering,145084.00,"The C Programming Language by Brian W. Kernighan, listed in Open Library subject data for software."
633,Stellaluna,Software Engineering,325655.00,"Stellaluna by Janell Cannon, listed in Open Library subject data for software."
634,SPSS Survival Manual,Software Engineering,268447.00,"SPSS Survival Manual by Julie Pallant, listed in Open Library subject data for software."
635,Universe,Software Engineering,229032.00,"Universe by Roger A. Freedman, listed in Open Library subject data for software."
636,Excel 2010 For Dummies,Software Engineering,284836.00,"Excel 2010 For Dummies by Greg Harvey, listed in Open Library subject data for software."
637,DOS for Dummies,Software Engineering,201362.00,"DOS for Dummies by Dan Gookin, listed in Open Library subject data for software."
638,Internet & World Wide Web,Software Engineering,358706.00,"Internet & World Wide Web by Paul J. Deitel, listed in Open Library subject data for software."
639,The rat brain in stereotaxic coordinates,Software Engineering,196575.00,"The rat brain in stereotaxic coordinates by George Paxinos, listed in Open Library subject data for software."
640,Qualitative Research,Software Engineering,159459.00,"Qualitative Research by Renata Tesch, listed in Open Library subject data for software."
641,Computational physics,Software Engineering,217925.00,"Computational physics by Rubin H. Landau, listed in Open Library subject data for software."
642,Multilevel Modeling Using R,Software Engineering,237466.00,"Multilevel Modeling Using R by W. Holmes Finch, listed in Open Library subject data for software."
643,Statistics,Software Engineering,328354.00,"Statistics by Michael J. Crawley, listed in Open Library subject data for software."
644,Statistical Rethinking,Software Engineering,334895.00,"Statistical Rethinking by Richard McElreath, listed in Open Library subject data for software."
645,Drug calculations,Software Engineering,257591.00,"Drug calculations by Meta Brown Seltzer, listed in Open Library subject data for software."
646,History of the Canadian peoples,Software Engineering,205084.00,"History of the Canadian peoples by Margaret Conrad, listed in Open Library subject data for software."
647,The little SAS book,Software Engineering,151813.00,"The little SAS book by Lora D. Delwiche, listed in Open Library subject data for software."
648,Data analysis and graphics using R,Software Engineering,119166.00,"Data analysis and graphics using R by J. H. Maindonald, listed in Open Library subject data for software."
649,The Fortune at the Bottom of the Pyramid,Software Engineering,191945.00,"The Fortune at the Bottom of the Pyramid by C. K. Prahalad, listed in Open Library subject data for software."
650,Using R for Introductory Statistics,Software Engineering,230035.00,"Using R for Introductory Statistics by John Verzani, listed in Open Library subject data for software."
651,The Cathedral and the Bazaar,Software Engineering,149007.00,"The Cathedral and the Bazaar by Eric S. Raymond, listed in Open Library subject data for software."
652,Weather forecasting,Software Engineering,113684.00,"Weather forecasting by United States. General Accounting Office, listed in Open Library subject data for software."
653,Code Complete,Software Engineering,332473.00,"Code Complete by Steve McConnell, listed in Open Library subject data for software."
654,The American journey,Software Engineering,216904.00,"The American journey by David R. Goldfield, listed in Open Library subject data for software."
655,Simulation with Arena,Software Engineering,277007.00,"Simulation with Arena by W. David Kelton, listed in Open Library subject data for software."
656,Just Grandma and Me,Software Engineering,308604.00,"Just Grandma and Me by Mercer Mayer, listed in Open Library subject data for software."
657,Database system concepts,Software Engineering,173646.00,"Database system concepts by Abraham Silberschatz, listed in Open Library subject data for software."
658,MongoDB,Software Engineering,303332.00,"MongoDB by Michael Dirolf, listed in Open Library subject data for software."
659,Bioinformatics for geneticists,Software Engineering,271203.00,"Bioinformatics for geneticists by Michael R. Barnes, listed in Open Library subject data for software."
660,Applied software measurement,Software Engineering,163026.00,"Applied software measurement by Capers Jones, listed in Open Library subject data for software."
661,Canadian fundamentals of nursing,Software Engineering,247599.00,"Canadian fundamentals of nursing by Patricia A. Potter, listed in Open Library subject data for software."
662,Mastering Regular Expressions,Software Engineering,116876.00,"Mastering Regular Expressions by Jeffrey E. F. Friedl, listed in Open Library subject data for software."
663,Transactions on Engineering Technologies,Software Engineering,188547.00,"Transactions on Engineering Technologies by Sio-Iong Ao, listed in Open Library subject data for computer science."
664,Hacking for Dummies,Software Engineering,197261.00,"Hacking for Dummies by Kevin Beaver, listed in Open Library subject data for computer science."
665,Computational Linguistics and Intelligent Text Processing,Software Engineering,226143.00,"Computational Linguistics and Intelligent Text Processing by Alexander Gelbukh, listed in Open Library subject data for computer science."
666,Artificial Intelligence and Soft Computing,Software Engineering,246196.00,"Artificial Intelligence and Soft Computing by Leszek Rutkowski, listed in Open Library subject data for computer science."
667,Intelligent Robotics and Applications,Software Engineering,121583.00,"Intelligent Robotics and Applications by Honghai Liu, listed in Open Library subject data for computer science."
668,Artificial Intelligence Applications and Innovations,Software Engineering,311670.00,"Artificial Intelligence Applications and Innovations by Lazaros S. Iliadis, listed in Open Library subject data for computer science."
669,Pattern Recognition,Software Engineering,148615.00,"Pattern Recognition by Cheng-Lin Liu, listed in Open Library subject data for computer science."
670,Computer Concepts,Software Engineering,210575.00,"Computer Concepts by June Jamrich Parsons, listed in Open Library subject data for computer science."
671,Advances in Swarm Intelligence,Software Engineering,180588.00,"Advances in Swarm Intelligence by Ying Tan, listed in Open Library subject data for computer science."
672,"Cooperative Design, Visualization, and Engineering",Software Engineering,294598.00,"Cooperative Design, Visualization, and Engineering by Yuhua Luo, listed in Open Library subject data for computer science."
673,Systems Analysis and Design,Software Engineering,199537.00,"Systems Analysis and Design by Alan Dennis, listed in Open Library subject data for computer science."
674,BTEC National for IT Practitioners,Software Engineering,189791.00,"BTEC National for IT Practitioners by Sharon Yull, listed in Open Library subject data for computer science."
675,Advances in visual computing,Software Engineering,142901.00,"Advances in visual computing by George Bebis, listed in Open Library subject data for computer science."
676,Advances in Computers,Software Engineering,111512.00,"Advances in Computers by Marshall C. Yovits, listed in Open Library subject data for computer science."
677,Computer Confluence,Software Engineering,239564.00,"Computer Confluence by George Beekman, listed in Open Library subject data for computer science."
678,Java software solutions,Software Engineering,179049.00,"Java software solutions by Lewis, John, listed in Open Library subject data for computer science."
679,Learning Python,Software Engineering,272863.00,"Learning Python by Mark Lutz, listed in Open Library subject data for computer science."
680,Linear Algebra with Applications,Software Engineering,342768.00,"Linear Algebra with Applications by Gareth Williams, listed in Open Library subject data for computer science."
681,Objects first with Java,Software Engineering,186732.00,"Objects first with Java by David J. Barnes, listed in Open Library subject data for computer science."
682,Parallel Processing and Applied Mathematics,Software Engineering,321395.00,"Parallel Processing and Applied Mathematics by Roman Wyrzykowski, listed in Open Library subject data for computer science."
683,Integral Methods in Science and Engineering,Software Engineering,179390.00,"Integral Methods in Science and Engineering by Christian Constanda, listed in Open Library subject data for computer science."
684,Invitation to Computer Science,Software Engineering,326993.00,"Invitation to Computer Science by G. Michael Schneider, listed in Open Library subject data for computer science."
685,Neural Information Processing,Software Engineering,253978.00,"Neural Information Processing by Tingwen Huang, listed in Open Library subject data for computer science."
686,Technology in action,Software Engineering,275585.00,"Technology in action by Alan Evans, listed in Open Library subject data for computer science."
687,Discrete Mathematics and Its Applications,Software Engineering,261242.00,"Discrete Mathematics and Its Applications by Kenneth H. Rosen, listed in Open Library subject data for computer science."
688,"Emerging Research in Computing, Information, Communication and Applications",Software Engineering,190122.00,"Emerging Research in Computing, Information, Communication and Applications by N. R. Shetty, listed in Open Library subject data for computer science."
689,e-Business and Telecommunications,Software Engineering,116792.00,"e-Business and Telecommunications by Mohammad S. Obaidat, listed in Open Library subject data for computer science."
690,Computers Helping People with Special Needs,Software Engineering,236269.00,"Computers Helping People with Special Needs by Klaus Miesenberger, listed in Open Library subject data for computer science."
691,Advanced Computing and Systems for Security,Software Engineering,242307.00,"Advanced Computing and Systems for Security by Rituparna Chaki, listed in Open Library subject data for computer science."
692,Natural Language Processing and Information Systems,Software Engineering,130822.00,"Natural Language Processing and Information Systems by Elisabeth Métais, listed in Open Library subject data for computer science."
693,Image Analysis and Recognition,Software Engineering,101858.00,"Image Analysis and Recognition by Aurélio Campilho, listed in Open Library subject data for computer science."
694,The Innovators,Software Engineering,179873.00,"The Innovators by Walter Isaacson, listed in Open Library subject data for computer science."
695,Data Feminism,Data Science,243313.00,"Data Feminism by Catherine D`ignazio, listed in Open Library subject data for data science."
696,Dictionary of Distances,Data Science,161113.00,"Dictionary of Distances by Michel M. Deza, listed in Open Library subject data for data science."
697,Stock price analysis through Statistical and Data Science tools,Data Science,226321.00,"Stock price analysis through Statistical and Data Science tools by Vinaitheerthan Renganathan, listed in Open Library subject data for data science."
698,Data and Text Processing for Health and Life Sciences,Data Science,283982.00,"Data and Text Processing for Health and Life Sciences by Francisco M Couto, listed in Open Library subject data for data science."
699,Entrepreneurship der Zukunft,Data Science,173499.00,"Entrepreneurship der Zukunft by Lars Heim, listed in Open Library subject data for data science."
700,The Big Book of Data Science Use Cases,Data Science,99261.00,"The Big Book of Data Science Use Cases by Open Library, listed in Open Library subject data for data science."
701,Veri Biliminde R ile Veri Önişleme,Data Science,281245.00,"Veri Biliminde R ile Veri Önişleme by Zeynel Cebeci, listed in Open Library subject data for data science."
702,Programming Skills for Data Science,Data Science,211992.00,"Programming Skills for Data Science by Michael Freeman, listed in Open Library subject data for data science."
703,Data Science,Data Science,264984.00,"Data Science by Chantal D. Larose, listed in Open Library subject data for data science."
704,An Introduction to Data,Data Science,284421.00,"An Introduction to Data by Francesco Corea, listed in Open Library subject data for data science."
705,Before Machine Learning Volume 1 - Linear Algebra for A.I,Data Science,246153.00,"Before Machine Learning Volume 1 - Linear Algebra for A.I by Jorge Brasil, listed in Open Library subject data for data science."
706,Data Science at the Command Line,Data Science,108860.00,"Data Science at the Command Line by Jeroen Janssens, listed in Open Library subject data for data science."
707,Annibale Colombo Bed,Decor,47499750.00,"The Annibale Colombo Bed is a luxurious and elegant bed frame, crafted with high-quality materials for a comfortable and stylish bedroom."
708,Annibale Colombo Sofa,Decor,62499749.00,"The Annibale Colombo Sofa is a sophisticated and comfortable seating option, featuring exquisite design and premium upholstery for your living room."
709,Bedside Table African Cherry,Decor,7499750.00,"The Bedside Table in African Cherry is a stylish and functional addition to your bedroom, providing convenient storage space and a touch of elegance."
710,Knoll Saarinen Executive Conference Chair,Decor,12499750.00,"The Knoll Saarinen Executive Conference Chair is a modern and ergonomic chair, perfect for your office or conference room with its timeless design."
711,Wooden Bathroom Sink With Mirror,Decor,19999750.00,"The Wooden Bathroom Sink with Mirror is a unique and stylish addition to your bathroom, featuring a wooden sink countertop and a matching mirror."
712,Apple,Kitchen & Dining,49750.00,"Fresh and crisp apples, perfect for snacking or incorporating into various recipes."
713,Beef Steak,Kitchen & Dining,324750.00,"High-quality beef steak, great for grilling or cooking to your preferred level of doneness."
714,Cat Food,Kitchen & Dining,224750.00,Nutritious cat food formulated to meet the dietary needs of your feline friend.
715,Chicken Meat,Kitchen & Dining,249750.00,"Fresh and tender chicken meat, suitable for various culinary preparations."
716,Cooking Oil,Kitchen & Dining,124750.00,"Versatile cooking oil suitable for frying, sautéing, and various culinary applications."
717,Cucumber,Kitchen & Dining,49000.00,"Crisp and hydrating cucumbers, ideal for salads, snacks, or as a refreshing side."
718,Dog Food,Kitchen & Dining,274750.00,Specially formulated dog food designed to provide essential nutrients for your canine companion.
719,Eggs,Kitchen & Dining,74750.00,"Fresh eggs, a versatile ingredient for baking, cooking, or breakfast."
720,Fish Steak,Kitchen & Dining,374750.00,"Quality fish steak, suitable for grilling, baking, or pan-searing."
721,Green Bell Pepper,Kitchen & Dining,49000.00,"Fresh and vibrant green bell pepper, perfect for adding color and flavor to your dishes."
722,Green Chili Pepper,Kitchen & Dining,49000.00,"Spicy green chili pepper, ideal for adding heat to your favorite recipes."
723,Honey Jar,Kitchen & Dining,174750.00,"Pure and natural honey in a convenient jar, perfect for sweetening beverages or drizzling over food."
724,Ice Cream,Kitchen & Dining,137250.00,"Creamy and delicious ice cream, available in various flavors for a delightful treat."
725,Juice,Kitchen & Dining,99750.00,"Refreshing fruit juice, packed with vitamins and great for staying hydrated."
726,Kiwi,Kitchen & Dining,62250.00,"Nutrient-rich kiwi, perfect for snacking or adding a tropical twist to your dishes."
727,Lemon,Kitchen & Dining,49000.00,"Zesty and tangy lemons, versatile for cooking, baking, or making refreshing beverages."
728,Milk,Kitchen & Dining,87250.00,"Fresh and nutritious milk, a staple for various recipes and daily consumption."
729,Mulberry,Kitchen & Dining,124750.00,"Sweet and juicy mulberries, perfect for snacking or adding to desserts and cereals."
730,Nescafe Coffee,Kitchen & Dining,199750.00,"Quality coffee from Nescafe, available in various blends for a rich and satisfying cup."
731,Potatoes,Kitchen & Dining,57250.00,"Versatile and starchy potatoes, great for roasting, mashing, or as a side dish."
732,Protein Powder,Kitchen & Dining,499749.00,"Nutrient-packed protein powder, ideal for supplementing your diet with essential proteins."
733,Red Onions,Kitchen & Dining,49750.00,"Flavorful and aromatic red onions, perfect for adding depth to your savory dishes."
734,Rice,Kitchen & Dining,149750.00,"High-quality rice, a staple for various cuisines and a versatile base for many dishes."
735,Soft Drinks,Kitchen & Dining,49750.00,"Assorted soft drinks in various flavors, perfect for refreshing beverages."
736,Strawberry,Kitchen & Dining,99750.00,"Sweet and succulent strawberries, great for snacking, desserts, or blending into smoothies."
737,Tissue Paper Box,Kitchen & Dining,62250.00,"Convenient tissue paper box for everyday use, providing soft and absorbent tissues."
738,Water,Kitchen & Dining,49000.00,"Pure and refreshing bottled water, essential for staying hydrated throughout the day."
739,Decoration Swing,Decor,1499750.00,"The Decoration Swing is a charming addition to your home decor. Crafted with intricate details, it adds a touch of elegance and whimsy to any room."
740,Family Tree Photo Frame,Decor,749750.00,"The Family Tree Photo Frame is a sentimental and stylish way to display your cherished family memories. With multiple photo slots, it tells the story of your loved ones."
741,House Showpiece Plant,Decor,999750.00,The House Showpiece Plant is an artificial plant that brings a touch of nature to your home without the need for maintenance. It adds greenery and style to any space.
742,Plant Pot,Decor,374750.00,"The Plant Pot is a stylish container for your favorite plants. With a sleek design, it complements your indoor or outdoor garden, adding a modern touch to your plant display."
743,Table Lamp,Decor,1249750.00,"The Table Lamp is a functional and decorative lighting solution for your living space. With a modern design, it provides both ambient and task lighting, enhancing the atmosphere."
744,Bamboo Spatula,Kitchen & Dining,199750.00,"The Bamboo Spatula is a versatile kitchen tool made from eco-friendly bamboo. Ideal for flipping, stirring, and serving various dishes."
745,Black Aluminium Cup,Kitchen & Dining,149750.00,The Black Aluminium Cup is a stylish and durable cup suitable for both hot and cold beverages. Its sleek black design adds a modern touch to your drinkware collection.
746,Black Whisk,Kitchen & Dining,249750.00,The Black Whisk is a kitchen essential for whisking and beating ingredients. Its ergonomic handle and sleek design make it a practical and stylish tool.
747,Boxed Blender,Kitchen & Dining,999750.00,"The Boxed Blender is a powerful and compact blender perfect for smoothies, shakes, and more. Its convenient design and multiple functions make it a versatile kitchen appliance."
748,Carbon Steel Wok,Kitchen & Dining,749750.00,"The Carbon Steel Wok is a versatile cooking pan suitable for stir-frying, sautéing, and deep frying. Its sturdy construction ensures even heat distribution for delicious meals."
749,Chopping Board,Kitchen & Dining,324750.00,"The Chopping Board is an essential kitchen accessory for food preparation. Made from durable material, it provides a safe and hygienic surface for cutting and chopping."
750,Citrus Squeezer Yellow,Kitchen & Dining,224750.00,The Citrus Squeezer in Yellow is a handy tool for extracting juice from citrus fruits. Its vibrant color adds a cheerful touch to your kitchen gadgets.
751,Egg Slicer,Kitchen & Dining,174750.00,"The Egg Slicer is a convenient tool for slicing boiled eggs evenly. It's perfect for salads, sandwiches, and other dishes where sliced eggs are desired."
752,Electric Stove,Kitchen & Dining,1249750.00,The Electric Stove provides a portable and efficient cooking solution. Ideal for small kitchens or as an additional cooking surface for various culinary needs.
753,Fine Mesh Strainer,Kitchen & Dining,249750.00,The Fine Mesh Strainer is a versatile tool for straining liquids and sifting dry ingredients. Its fine mesh ensures efficient filtering for smooth cooking and baking.
754,Fork,Kitchen & Dining,99750.00,The Fork is a classic utensil for various dining and serving purposes. Its durable and ergonomic design makes it a reliable choice for everyday use.
755,Glass,Kitchen & Dining,124750.00,The Glass is a versatile and elegant drinking vessel suitable for a variety of beverages. Its clear design allows you to enjoy the colors and textures of your drinks.
756,Grater Black,Kitchen & Dining,274750.00,"The Grater in Black is a handy kitchen tool for grating cheese, vegetables, and more. Its sleek design and sharp blades make food preparation efficient and easy."
757,Hand Blender,Kitchen & Dining,874750.00,"The Hand Blender is a versatile kitchen appliance for blending, pureeing, and mixing. Its compact design and powerful motor make it a convenient tool for various recipes."
758,Ice Cube Tray,Kitchen & Dining,149750.00,The Ice Cube Tray is a practical accessory for making ice cubes in various shapes. Perfect for keeping your drinks cool and adding a fun element to your beverages.
759,Kitchen Sieve,Kitchen & Dining,199750.00,The Kitchen Sieve is a versatile tool for sifting and straining dry and wet ingredients. Its fine mesh design ensures smooth results in your cooking and baking.
760,Knife,Kitchen & Dining,374750.00,"The Knife is an essential kitchen tool for chopping, slicing, and dicing. Its sharp blade and ergonomic handle make it a reliable choice for food preparation."
761,Lunch Box,Kitchen & Dining,324750.00,"The Lunch Box is a convenient and portable container for packing and carrying your meals. With compartments for different foods, it's perfect for on-the-go dining."
762,Microwave Oven,Kitchen & Dining,2249750.00,"The Microwave Oven is a versatile kitchen appliance for quick and efficient cooking, reheating, and defrosting. Its compact size makes it suitable for various kitchen setups."
763,Mug Tree Stand,Kitchen & Dining,399750.00,The Mug Tree Stand is a stylish and space-saving solution for organizing your mugs. Keep your favorite mugs easily accessible and neatly displayed in your kitchen.
764,Pan,Kitchen & Dining,624750.00,"The Pan is a versatile and essential cookware item for frying, sautéing, and cooking various dishes. Its non-stick coating ensures easy food release and cleanup."
765,Plate,Kitchen & Dining,99750.00,The Plate is a classic and essential dishware item for serving meals. Its durable and stylish design makes it suitable for everyday use or special occasions.
766,Red Tongs,Kitchen & Dining,174750.00,The Red Tongs are versatile kitchen tongs suitable for various cooking and serving tasks. Their vibrant color adds a pop of excitement to your kitchen utensils.
767,Silver Pot With Glass Cap,Kitchen & Dining,999750.00,"The Silver Pot with Glass Cap is a stylish and functional cookware item for boiling, simmering, and preparing delicious meals. Its glass cap allows you to monitor cooking progress."
768,Slotted Turner,Kitchen & Dining,224750.00,"The Slotted Turner is a kitchen utensil designed for flipping and turning food items. Its slotted design allows excess liquid to drain, making it ideal for frying and sautéing."
769,Spice Rack,Kitchen & Dining,499749.00,The Spice Rack is a convenient organizer for your spices and seasonings. Keep your kitchen essentials within reach and neatly arranged with this stylish spice rack.
770,Spoon,Kitchen & Dining,124750.00,"The Spoon is a versatile kitchen utensil for stirring, serving, and tasting. Its ergonomic design and durable construction make it an essential tool for every kitchen."
771,Tray,Kitchen & Dining,424749.00,"The Tray is a functional and decorative item for serving snacks, appetizers, or drinks. Its stylish design makes it a versatile accessory for entertaining guests."
772,Wooden Rolling Pin,Kitchen & Dining,299750.00,The Wooden Rolling Pin is a classic kitchen tool for rolling out dough for baking. Its smooth surface and sturdy handles make it easy to achieve uniform thickness.
773,Yellow Peeler,Kitchen & Dining,149750.00,The Yellow Peeler is a handy tool for peeling fruits and vegetables with ease. Its bright yellow color adds a cheerful touch to your kitchen gadgets.
774,Apple MacBook Pro 14 Inch Space Grey,Laptops,49999750.00,"The MacBook Pro 14 Inch in Space Grey is a powerful and sleek laptop, featuring Apple's M1 Pro chip for exceptional performance and a stunning Retina display."
775,Asus Zenbook Pro Dual Screen Laptop,Laptops,44999750.00,"The Asus Zenbook Pro Dual Screen Laptop is a high-performance device with dual screens, providing productivity and versatility for creative professionals."
776,Huawei Matebook X Pro,Laptops,34999750.00,"The Huawei Matebook X Pro is a slim and stylish laptop with a high-resolution touchscreen display, offering a premium experience for users on the go."
777,Lenovo Yoga 920,Laptops,27499750.00,"The Lenovo Yoga 920 is a 2-in-1 convertible laptop with a flexible hinge, allowing you to use it as a laptop or tablet, offering versatility and portability."
778,New DELL XPS 13 9300 Laptop,Laptops,37499750.00,"The New DELL XPS 13 9300 Laptop is a compact and powerful device, featuring a virtually borderless InfinityEdge display and high-end performance for various tasks."
779,Blue & Black Check Shirt,Clothing,749750.00,"The Blue & Black Check Shirt is a stylish and comfortable men's shirt featuring a classic check pattern. Made from high-quality fabric, it's suitable for both casual and semi-formal occasions."
780,Gigabyte Aorus Men Tshirt,Clothing,624750.00,"The Gigabyte Aorus Men Tshirt is a cool and casual shirt for gaming enthusiasts. With the Aorus logo and sleek design, it's perfect for expressing your gaming style."
781,Man Plaid Shirt,Clothing,874750.00,The Man Plaid Shirt is a timeless and versatile men's shirt with a classic plaid pattern. Its comfortable fit and casual style make it a wardrobe essential for various occasions.
782,Man Short Sleeve Shirt,Clothing,499749.00,"The Man Short Sleeve Shirt is a breezy and stylish option for warm days. With a comfortable fit and short sleeves, it's perfect for a laid-back yet polished look."
783,Men Check Shirt,Clothing,699750.00,"The Men Check Shirt is a classic and versatile shirt featuring a stylish check pattern. Suitable for various occasions, it adds a smart and polished touch to your wardrobe."
784,Nike Air Jordan 1 Red And Black,Shoes,3749750.00,"The Nike Air Jordan 1 in Red and Black is an iconic basketball sneaker known for its stylish design and high-performance features, making it a favorite among sneaker enthusiasts and athletes."
785,Nike Baseball Cleats,Shoes,1999749.00,Nike Baseball Cleats are designed for maximum traction and performance on the baseball field. They provide stability and support for players during games and practices.
786,Puma Future Rider Trainers,Shoes,2249750.00,"The Puma Future Rider Trainers offer a blend of retro style and modern comfort. Perfect for casual wear, these trainers provide a fashionable and comfortable option for everyday use."
787,Sports Sneakers Off White & Red,Shoes,2999750.00,"The Sports Sneakers in Off White and Red combine style and functionality, making them a fashionable choice for sports enthusiasts. The red and off-white color combination adds a bold and energetic touch."
788,Sports Sneakers Off White Red,Shoes,2749750.00,"Another variant of the Sports Sneakers in Off White Red, featuring a unique design. These sneakers offer style and comfort for casual occasions."
789,Brown Leather Belt Watch,Clothing,2249750.00,"The Brown Leather Belt Watch is a stylish timepiece with a classic design. Featuring a genuine leather strap and a sleek dial, it adds a touch of sophistication to your look."
790,Longines Master Collection,Clothing,37499750.00,"The Longines Master Collection is an elegant and refined watch known for its precision and craftsmanship. With a timeless design, it's a symbol of luxury and sophistication."
791,Rolex Cellini Date Black Dial,Clothing,224999750.00,"The Rolex Cellini Date with Black Dial is a classic and prestigious watch. With a black dial and date complication, it exudes sophistication and is a symbol of Rolex's heritage."
792,Rolex Cellini Moonphase,Clothing,324999750.00,"The Rolex Cellini Moonphase is a masterpiece of horology, featuring a moon phase complication and exquisite design. It reflects Rolex's commitment to precision and elegance."
793,Rolex Datejust,Clothing,274999750.00,"The Rolex Datejust is an iconic and versatile timepiece with a date window. Known for its timeless design and reliability, it's a symbol of Rolex's watchmaking excellence."
794,Rolex Submariner Watch,Clothing,349999750.00,"The Rolex Submariner is a legendary dive watch with a rich history. Known for its durability and water resistance, it's a symbol of adventure and exploration."
795,Amazon Echo Plus,Earbuds,2499750.00,The Amazon Echo Plus is a smart speaker with built-in Alexa voice control. It features premium sound quality and serves as a hub for controlling smart home devices.
796,Apple Airpods,Earbuds,3249750.00,"The Apple Airpods offer a seamless wireless audio experience. With easy pairing, high-quality sound, and Siri integration, they are perfect for on-the-go listening."
797,Apple AirPods Max Silver,Earbuds,13749750.00,"The Apple AirPods Max in Silver are premium over-ear headphones with high-fidelity audio, adaptive EQ, and active noise cancellation. Experience immersive sound in style."
798,Apple Airpower Wireless Charger,Power Banks,1999749.00,The Apple AirPower Wireless Charger provides a convenient way to charge your compatible Apple devices wirelessly. Simply place your devices on the charging mat for effortless charging.
799,Apple HomePod Mini Cosmic Grey,Earbuds,2499750.00,The Apple HomePod Mini in Cosmic Grey is a compact smart speaker that delivers impressive audio and integrates seamlessly with the Apple ecosystem for a smart home experience.
800,Apple iPhone Charger,Power Banks,499749.00,The Apple iPhone Charger is a high-quality charger designed for fast and efficient charging of your iPhone. Ensure your device stays powered up and ready to go.
801,Apple MagSafe Battery Pack,Earbuds,2499750.00,The Apple MagSafe Battery Pack is a portable and convenient way to add extra battery life to your MagSafe-compatible iPhone. Attach it magnetically for a secure connection.
802,Apple Watch Series 4 Gold,Earbuds,8749750.00,"The Apple Watch Series 4 in Gold is a stylish and advanced smartwatch with features like heart rate monitoring, fitness tracking, and a beautiful Retina display."
803,Beats Flex Wireless Earphones,Earbuds,1249750.00,"The Beats Flex Wireless Earphones offer a comfortable and versatile audio experience. With magnetic earbuds and up to 12 hours of battery life, they are ideal for everyday use."
804,iPhone 12 Silicone Case with MagSafe Plum,Earbuds,749750.00,The iPhone 12 Silicone Case with MagSafe in Plum is a stylish and protective case designed for the iPhone 12. It features MagSafe technology for easy attachment of accessories.
805,Monopod,Earbuds,499749.00,"The Monopod is a versatile camera accessory for stable and adjustable shooting. Perfect for capturing selfies, group photos, and videos with ease."
806,Selfie Lamp with iPhone,Earbuds,374750.00,The Selfie Lamp with iPhone is a portable and adjustable LED light designed to enhance your selfies and video calls. Attach it to your iPhone for well-lit photos.
807,Selfie Stick Monopod,Earbuds,324750.00,The Selfie Stick Monopod is a extendable and foldable device for capturing the perfect selfie or group photo. Compatible with smartphones and cameras.
808,TV Studio Camera Pedestal,Earbuds,12499750.00,The TV Studio Camera Pedestal is a professional-grade camera support system for smooth and precise camera movements in a studio setting. Ideal for broadcast and production.
809,iPhone 5s,Smartphones,4999750.00,"The iPhone 5s is a classic smartphone known for its compact design and advanced features during its release. While it's an older model, it still provides a reliable user experience."
810,iPhone 6,Smartphones,7499750.00,"The iPhone 6 is a stylish and capable smartphone with a larger display and improved performance. It introduced new features and design elements, making it a popular choice in its time."
811,iPhone 13 Pro,Smartphones,27499750.00,"The iPhone 13 Pro is a cutting-edge smartphone with a powerful camera system, high-performance chip, and stunning display. It offers advanced features for users who demand top-notch technology."
812,iPhone X,Smartphones,22499750.00,"The iPhone X is a flagship smartphone featuring a bezel-less OLED display, facial recognition technology (Face ID), and impressive performance. It represents a milestone in iPhone design and innovation."
813,Oppo A57,Smartphones,6249750.00,"The Oppo A57 is a mid-range smartphone known for its sleek design and capable features. It offers a balance of performance and affordability, making it a popular choice."
814,Oppo F19 Pro Plus,Smartphones,9999750.00,The Oppo F19 Pro Plus is a feature-rich smartphone with a focus on camera capabilities. It boasts advanced photography features and a powerful performance for a premium user experience.
815,Oppo K1,Smartphones,7499750.00,"The Oppo K1 series offers a range of smartphones with various features and specifications. Known for their stylish design and reliable performance, the Oppo K1 series caters to diverse user preferences."
816,Realme C35,Smartphones,3749750.00,The Realme C35 is a budget-friendly smartphone with a focus on providing essential features for everyday use. It offers a reliable performance and user-friendly experience.
817,Realme X,Smartphones,7499750.00,The Realme X is a mid-range smartphone known for its sleek design and impressive display. It offers a good balance of performance and camera capabilities for users seeking a quality device.
818,Realme XT,Smartphones,8749750.00,"The Realme XT is a feature-rich smartphone with a focus on camera technology. It comes equipped with advanced camera sensors, delivering high-quality photos and videos for photography enthusiasts."
819,Samsung Galaxy S7,Smartphones,7499750.00,"The Samsung Galaxy S7 is a flagship smartphone known for its sleek design and advanced features. It features a high-resolution display, powerful camera, and robust performance."
820,Samsung Galaxy S8,Smartphones,12499750.00,"The Samsung Galaxy S8 is a premium smartphone with an Infinity Display, offering a stunning visual experience. It boasts advanced camera capabilities and cutting-edge technology."
821,Samsung Galaxy S10,Smartphones,17499750.00,"The Samsung Galaxy S10 is a flagship device featuring a dynamic AMOLED display, versatile camera system, and powerful performance. It represents innovation and excellence in smartphone technology."
822,Vivo S1,Smartphones,6249750.00,"The Vivo S1 is a stylish and mid-range smartphone offering a blend of design and performance. It features a vibrant display, capable camera system, and reliable functionality."
823,Vivo V9,Smartphones,7499750.00,"The Vivo V9 is a smartphone known for its sleek design and emphasis on capturing high-quality selfies. It features a notch display, dual-camera setup, and a modern design."
824,Vivo X21,Smartphones,12499750.00,"The Vivo X21 is a premium smartphone with a focus on cutting-edge technology. It features an in-display fingerprint sensor, a high-resolution display, and advanced camera capabilities."
825,American Football,Fitness,499749.00,"The American Football is a classic ball used in American football games. It is designed for throwing and catching, making it an essential piece of equipment for the sport."
826,Baseball Ball,Fitness,224750.00,"The Baseball Ball is a standard baseball used in baseball games. It features a durable leather cover and is designed for pitching, hitting, and fielding in the game of baseball."
827,Baseball Glove,Fitness,624750.00,"The Baseball Glove is a protective glove worn by baseball players. It is designed to catch and field the baseball, providing players with comfort and control during the game."
828,Basketball,Fitness,374750.00,"The Basketball is a standard ball used in basketball games. It is designed for dribbling, shooting, and passing in the game of basketball, suitable for both indoor and outdoor play."
829,Basketball Rim,Fitness,999750.00,The Basketball Rim is a sturdy hoop and net assembly mounted on a basketball backboard. It provides a target for shooting and scoring in the game of basketball.
830,Cricket Ball,Fitness,324750.00,"The Cricket Ball is a hard leather ball used in the sport of cricket. It is bowled and batted in the game, and its hardness and seam contribute to the dynamics of cricket play."
831,Cricket Bat,Camping,749750.00,The Cricket Bat is an essential piece of cricket equipment used by batsmen to hit the cricket ball. It is made of wood and comes in various sizes and designs.
832,Cricket Helmet,Cycling,1124750.00,"The Cricket Helmet is a protective headgear worn by cricket players, especially batsmen and wicketkeepers. It provides protection against fast bowling and bouncers."
833,Cricket Wicket,Camping,749750.00,"The Cricket Wicket is a set of three stumps and two bails, forming a wicket used in the sport of cricket. Batsmen aim to protect the wicket while scoring runs."
834,Feather Shuttlecock,Camping,149750.00,"The Feather Shuttlecock is used in the sport of badminton. It features natural feathers and is designed for high-speed play, providing stability and accuracy during matches."
835,Football,Fitness,449749.00,"The Football, also known as a soccer ball, is the standard ball used in the sport of football (soccer). It is designed for kicking and passing in the game."
836,Golf Ball,Fitness,249750.00,"The Golf Ball is a small ball used in the sport of golf. It features dimples on its surface, providing aerodynamic lift and distance when struck by a golf club."
837,Iron Golf,Camping,1249750.00,"The Iron Golf is a type of golf club designed for various golf shots. It features a solid metal head and is used for approach shots, chipping, and other golfing techniques."
838,Metal Baseball Bat,Fitness,749750.00,The Metal Baseball Bat is a durable and lightweight baseball bat made from metal alloys. It is commonly used in baseball games for hitting and batting practice.
839,Tennis Ball,Fitness,174750.00,The Tennis Ball is a standard ball used in the sport of tennis. It is designed for bouncing and hitting with tennis rackets during matches or practice sessions.
840,Tennis Racket,Camping,1249750.00,"The Tennis Racket is an essential piece of equipment used in the sport of tennis. It features a frame with strings and a grip, allowing players to hit the tennis ball."
841,Volleyball,Fitness,299750.00,"The Volleyball is a standard ball used in the sport of volleyball. It is designed for passing, setting, and spiking over the net during volleyball matches."
842,Black Sun Glasses,Clothing,749750.00,"The Black Sun Glasses are a classic and stylish choice, featuring a sleek black frame and tinted lenses. They provide both UV protection and a fashionable look."
843,Classic Sun Glasses,Clothing,624750.00,The Classic Sun Glasses offer a timeless design with a neutral frame and UV-protected lenses. These sunglasses are versatile and suitable for various occasions.
844,Green and Black Glasses,Clothing,874750.00,"The Green and Black Glasses feature a bold combination of green and black colors, adding a touch of vibrancy to your eyewear collection. They are both stylish and eye-catching."
845,Party Glasses,Clothing,499749.00,"The Party Glasses are designed to add flair to your party outfit. With unique shapes or colorful frames, they're perfect for adding a playful touch to your look during celebrations."
846,Sunglasses,Clothing,574750.00,The Sunglasses offer a classic and simple design with a focus on functionality. These sunglasses provide essential UV protection while maintaining a timeless look.
847,iPad Mini 2021 Starlight,Laptops,12499750.00,"The iPad Mini 2021 in Starlight is a compact and powerful tablet from Apple. Featuring a stunning Retina display, powerful A-series chip, and a sleek design, it offers a premium tablet experience."
848,Samsung Galaxy Tab S8 Plus Grey,Laptops,14999750.00,"The Samsung Galaxy Tab S8 Plus in Grey is a high-performance Android tablet by Samsung. With a large AMOLED display, powerful processor, and S Pen support, it's ideal for productivity and entertainment."
849,Samsung Galaxy Tab White,Laptops,8749750.00,"The Samsung Galaxy Tab in White is a sleek and versatile Android tablet. With a vibrant display, long-lasting battery, and a range of features, it offers a great user experience for various tasks."
850,Blue Frock,Clothing,749750.00,"The Blue Frock is a charming and stylish dress for various occasions. With a vibrant blue color and a comfortable design, it adds a touch of elegance to your wardrobe."
851,Girl Summer Dress,Clothing,499749.00,"The Girl Summer Dress is a cute and breezy dress designed for warm weather. With playful patterns and lightweight fabric, it's perfect for keeping cool and stylish during the summer."
852,Gray Dress,Clothing,874750.00,"The Gray Dress is a versatile and chic option for various occasions. With a neutral gray color, it can be dressed up or down, making it a wardrobe staple for any fashion-forward individual."
853,Short Frock,Clothing,624750.00,"The Short Frock is a playful and trendy dress with a shorter length. Ideal for casual outings or special occasions, it combines style and comfort for a fashionable look."
854,Tartan Dress,Clothing,999750.00,"The Tartan Dress features a classic tartan pattern, bringing a timeless and sophisticated touch to your wardrobe. Perfect for fall and winter, it adds a hint of traditional charm."
855,Blue Women's Handbag,Bags,1249750.00,"The Blue Women's Handbag is a stylish and spacious accessory for everyday use. With a vibrant blue color and multiple compartments, it combines fashion and functionality."
856,Heshe Women's Leather Bag,Bags,3249750.00,"The Heshe Women's Leather Bag is a luxurious and high-quality leather bag for the sophisticated woman. With a timeless design and durable craftsmanship, it's a versatile accessory."
857,Prada Women Bag,Bags,14999750.00,"The Prada Women Bag is an iconic designer bag that exudes elegance and luxury. Crafted with precision and featuring the Prada logo, it's a statement piece for fashion enthusiasts."
858,White Faux Leather Backpack,Bags,999750.00,"The White Faux Leather Backpack is a trendy and practical backpack for the modern woman. With a sleek white design and ample storage space, it's perfect for both casual and on-the-go styles."
859,Women Handbag Black,Bags,1499750.00,"The Women Handbag in Black is a classic and versatile accessory that complements various outfits. With a timeless black color and functional design, it's a must-have in every woman's wardrobe."
860,Black Women's Gown,Clothing,3249750.00,"The Black Women's Gown is an elegant and timeless evening gown. With a sleek black design, it's perfect for formal events and special occasions, exuding sophistication and style."
861,Corset Leather With Skirt,Clothing,2249750.00,"The Corset Leather With Skirt is a bold and edgy ensemble that combines a stylish corset with a matching skirt. Ideal for fashion-forward individuals, it makes a statement at any event."
862,Corset With Black Skirt,Clothing,1999749.00,The Corset With Black Skirt is a chic and versatile outfit that pairs a fashionable corset with a classic black skirt. It offers a trendy and coordinated look for various occasions.
863,Dress Pea,Clothing,1249750.00,"The Dress Pea is a stylish and comfortable dress with a pea pattern. Perfect for casual outings, it adds a playful and fun element to your wardrobe, making it a great choice for day-to-day wear."
864,Marni Red & Black Suit,Clothing,4499750.00,"The Marni Red & Black Suit is a sophisticated and fashion-forward suit ensemble. With a combination of red and black tones, it showcases a modern design for a bold and confident look."
865,Green Crystal Earring,Bags,749750.00,"The Green Crystal Earring is a dazzling accessory that features a vibrant green crystal. With a classic design, it adds a touch of elegance to your ensemble, perfect for formal or special occasions."
866,Green Oval Earring,Bags,624750.00,"The Green Oval Earring is a stylish and versatile accessory with a unique oval shape. Whether for casual or dressy occasions, its green hue and contemporary design make it a standout piece."
867,Tropical Earring,Bags,499749.00,"The Tropical Earring is a fun and playful accessory inspired by tropical elements. Featuring vibrant colors and a lively design, it's perfect for adding a touch of summer to your look."
868,Black & Brown Slipper,Shoes,499749.00,"The Black & Brown Slipper is a comfortable and stylish choice for casual wear. Featuring a blend of black and brown colors, it adds a touch of sophistication to your relaxation."
869,Calvin Klein Heel Shoes,Shoes,1999749.00,"Calvin Klein Heel Shoes are elegant and sophisticated, designed for formal occasions. With a classic design and high-quality materials, they complement your stylish ensemble."
870,Golden Shoes Woman,Shoes,1249750.00,"The Golden Shoes for Women are a glamorous choice for special occasions. Featuring a golden hue and stylish design, they add a touch of luxury to your outfit."
871,Pampi Shoes,Shoes,749750.00,"Pampi Shoes offer a blend of comfort and style for everyday use. With a versatile design, they are suitable for various casual occasions, providing a trendy and relaxed look."
872,Red Shoes,Shoes,874750.00,"The Red Shoes make a bold statement with their vibrant red color. Whether for a party or a casual outing, these shoes add a pop of color and style to your wardrobe."
873,IWC Ingenieur Automatic Steel,Clothing,124999750.00,"The IWC Ingenieur Automatic Steel watch is a durable and sophisticated timepiece. With a stainless steel case and automatic movement, it combines precision and style for watch enthusiasts."
874,Rolex Datejust Women,Clothing,274999750.00,"The Rolex Datejust Women's watch is an iconic timepiece designed for women. With a timeless design and a date complication, it offers both elegance and functionality."
875,Watch Gold for Women,Clothing,19999750.00,"The Gold Women's Watch is a stunning accessory that combines luxury and style. Featuring a gold-plated case and a chic design, it adds a touch of glamour to any outfit."
876,Women's Wrist Watch,Clothing,3249750.00,"The Women's Wrist Watch is a versatile and fashionable timepiece for everyday wear. With a comfortable strap and a simple yet elegant design, it complements various styles."
877,Uniqlo Oxford Shirt,Clothing,187000.00,"Clothing item from the Fashion catalog, prepared for demo browsing, search, recommendation, and RAG retrieval scenarios."
878,Adidas Ultraboost Light,Shoes,195000.00,"Shoes item from the Fashion catalog, prepared for demo browsing, search, recommendation, and RAG retrieval scenarios."
879,Bellroy Tokyo Tote,Bags,203000.00,"Bags item from the Fashion catalog, prepared for demo browsing, search, recommendation, and RAG retrieval scenarios."
880,Nike Sportswear Club Hoodie,Clothing,211000.00,"Clothing item from the Fashion catalog, prepared for demo browsing, search, recommendation, and RAG retrieval scenarios."
881,Vans Old Skool,Shoes,219000.00,"Shoes item from the Fashion catalog, prepared for demo browsing, search, recommendation, and RAG retrieval scenarios."
882,Eastpak Padded Pak’r,Bags,227000.00,"Bags item from the Fashion catalog, prepared for demo browsing, search, recommendation, and RAG retrieval scenarios."
883,Uniqlo Oxford Shirt - White,Clothing,235000.00,"Clothing item from the Fashion catalog, prepared for demo browsing, search, recommendation, and RAG retrieval scenarios."
884,Nike Air Max 270 - White,Shoes,243000.00,"Shoes item from the Fashion catalog, prepared for demo browsing, search, recommendation, and RAG retrieval scenarios."
885,Bellroy Tokyo Tote - White,Bags,251000.00,"Bags item from the Fashion catalog, prepared for demo browsing, search, recommendation, and RAG retrieval scenarios."
886,Nike Sportswear Club Hoodie - White,Clothing,259000.00,"Clothing item from the Fashion catalog, prepared for demo browsing, search, recommendation, and RAG retrieval scenarios."
887,Converse Chuck 70 High Top - White,Shoes,267000.00,"Shoes item from the Fashion catalog, prepared for demo browsing, search, recommendation, and RAG retrieval scenarios."
888,Eastpak Padded Pak’r - White,Bags,275000.00,"Bags item from the Fashion catalog, prepared for demo browsing, search, recommendation, and RAG retrieval scenarios."
889,Uniqlo Oxford Shirt - Blue,Clothing,282000.00,"Clothing item from the Fashion catalog, prepared for demo browsing, search, recommendation, and RAG retrieval scenarios."
890,ASICS Gel-Kayano 30 - White,Shoes,290000.00,"Shoes item from the Fashion catalog, prepared for demo browsing, search, recommendation, and RAG retrieval scenarios."
891,Bellroy Tokyo Tote - Blue,Bags,298000.00,"Bags item from the Fashion catalog, prepared for demo browsing, search, recommendation, and RAG retrieval scenarios."
892,Nike Sportswear Club Hoodie - Blue,Clothing,306000.00,"Clothing item from the Fashion catalog, prepared for demo browsing, search, recommendation, and RAG retrieval scenarios."
893,New Balance 574 Core - Blue,Shoes,314000.00,"Shoes item from the Fashion catalog, prepared for demo browsing, search, recommendation, and RAG retrieval scenarios."
894,Eastpak Padded Pak’r - Blue,Bags,322000.00,"Bags item from the Fashion catalog, prepared for demo browsing, search, recommendation, and RAG retrieval scenarios."
895,Uniqlo Oxford Shirt - Silver,Clothing,330000.00,"Clothing item from the Fashion catalog, prepared for demo browsing, search, recommendation, and RAG retrieval scenarios."
896,On Cloud 5 - Blue,Shoes,338000.00,"Shoes item from the Fashion catalog, prepared for demo browsing, search, recommendation, and RAG retrieval scenarios."
897,Bellroy Tokyo Tote - Silver,Bags,346000.00,"Bags item from the Fashion catalog, prepared for demo browsing, search, recommendation, and RAG retrieval scenarios."
898,Nike Sportswear Club Hoodie - Silver,Clothing,354000.00,"Clothing item from the Fashion catalog, prepared for demo browsing, search, recommendation, and RAG retrieval scenarios."
899,Adidas Ultraboost Light - Silver,Shoes,362000.00,"Shoes item from the Fashion catalog, prepared for demo browsing, search, recommendation, and RAG retrieval scenarios."
900,Eastpak Padded Pak’r - Silver,Bags,370000.00,"Bags item from the Fashion catalog, prepared for demo browsing, search, recommendation, and RAG retrieval scenarios."
901,Uniqlo Oxford Shirt - Green,Clothing,377000.00,"Clothing item from the Fashion catalog, prepared for demo browsing, search, recommendation, and RAG retrieval scenarios."
902,Vans Old Skool - Silver,Shoes,385000.00,"Shoes item from the Fashion catalog, prepared for demo browsing, search, recommendation, and RAG retrieval scenarios."
903,Bellroy Tokyo Tote - Green,Bags,393000.00,"Bags item from the Fashion catalog, prepared for demo browsing, search, recommendation, and RAG retrieval scenarios."
904,Nike Sportswear Club Hoodie - Green,Clothing,401000.00,"Clothing item from the Fashion catalog, prepared for demo browsing, search, recommendation, and RAG retrieval scenarios."
905,Nike Air Max 270 - Green,Shoes,409000.00,"Shoes item from the Fashion catalog, prepared for demo browsing, search, recommendation, and RAG retrieval scenarios."
906,Instant Pot Duo 7-in-1,Cookers,457000.00,"Cookers item from the Electronics catalog, prepared for demo browsing, search, recommendation, and RAG retrieval scenarios."
907,Panasonic FlashXpress Toaster Oven,Ovens,465000.00,"Ovens item from the Electronics catalog, prepared for demo browsing, search, recommendation, and RAG retrieval scenarios."
908,Cosori TurboBlaze Air Fryer,Air Fryers,473000.00,"Air Fryers item from the Electronics catalog, prepared for demo browsing, search, recommendation, and RAG retrieval scenarios."
909,LG NeoChef Microwave,Microwaves,481000.00,"Microwaves item from the Electronics catalog, prepared for demo browsing, search, recommendation, and RAG retrieval scenarios."
910,OnePlus 12,Smartphones,489000.00,"Smartphones item from the Electronics catalog, prepared for demo browsing, search, recommendation, and RAG retrieval scenarios."
911,Acer Swift Go 14,Laptops,497000.00,"Laptops item from the Electronics catalog, prepared for demo browsing, search, recommendation, and RAG retrieval scenarios."
912,Nothing Ear 2,Earbuds,505000.00,"Earbuds item from the Electronics catalog, prepared for demo browsing, search, recommendation, and RAG retrieval scenarios."
913,UGREEN Nexode 20000mAh - White,Power Banks,513000.00,"Power Banks item from the Electronics catalog, prepared for demo browsing, search, recommendation, and RAG retrieval scenarios."
914,Sony SRS-XB100 - White,Speakers,521000.00,"Speakers item from the Electronics catalog, prepared for demo browsing, search, recommendation, and RAG retrieval scenarios."
915,Panasonic SR-CN188 Rice Cooker - White,Cookers,529000.00,"Cookers item from the Electronics catalog, prepared for demo browsing, search, recommendation, and RAG retrieval scenarios."
916,Breville Smart Oven Air Fryer Pro - Blue,Ovens,537000.00,"Ovens item from the Electronics catalog, prepared for demo browsing, search, recommendation, and RAG retrieval scenarios."
917,Ninja Foodi DualZone Air Fryer - Blue,Air Fryers,545000.00,"Air Fryers item from the Electronics catalog, prepared for demo browsing, search, recommendation, and RAG retrieval scenarios."
918,Samsung Bespoke Microwave - Blue,Microwaves,552000.00,"Microwaves item from the Electronics catalog, prepared for demo browsing, search, recommendation, and RAG retrieval scenarios."
919,Xiaomi 14 - White,Smartphones,560000.00,"Smartphones item from the Electronics catalog, prepared for demo browsing, search, recommendation, and RAG retrieval scenarios."
920,HP Spectre x360 14 - White,Laptops,568000.00,"Laptops item from the Electronics catalog, prepared for demo browsing, search, recommendation, and RAG retrieval scenarios."
921,Anker Soundcore Liberty 4 NC - White,Earbuds,576000.00,"Earbuds item from the Electronics catalog, prepared for demo browsing, search, recommendation, and RAG retrieval scenarios."
922,Xiaomi Power Bank 20000 - Blue,Power Banks,584000.00,"Power Banks item from the Electronics catalog, prepared for demo browsing, search, recommendation, and RAG retrieval scenarios."
923,Sonos Roam SL - Blue,Speakers,592000.00,"Speakers item from the Electronics catalog, prepared for demo browsing, search, recommendation, and RAG retrieval scenarios."
924,Tefal RK732 Rice Cooker - Silver,Cookers,600000.00,"Cookers item from the Electronics catalog, prepared for demo browsing, search, recommendation, and RAG retrieval scenarios."
925,Toshiba Convection Toaster Oven - Silver,Ovens,608000.00,"Ovens item from the Electronics catalog, prepared for demo browsing, search, recommendation, and RAG retrieval scenarios."
926,Philips Premium Airfryer XXL - Green,Air Fryers,616000.00,"Air Fryers item from the Electronics catalog, prepared for demo browsing, search, recommendation, and RAG retrieval scenarios."
927,Toshiba Smart Sensor Microwave - Green,Microwaves,624000.00,"Microwaves item from the Electronics catalog, prepared for demo browsing, search, recommendation, and RAG retrieval scenarios."
928,Google Pixel 8 Pro - Blue,Smartphones,632000.00,"Smartphones item from the Electronics catalog, prepared for demo browsing, search, recommendation, and RAG retrieval scenarios."
929,ASUS Zenbook 14 OLED - Blue,Laptops,640000.00,"Laptops item from the Electronics catalog, prepared for demo browsing, search, recommendation, and RAG retrieval scenarios."
930,AirPods Pro 2 - Silver,Earbuds,647000.00,"Earbuds item from the Electronics catalog, prepared for demo browsing, search, recommendation, and RAG retrieval scenarios."
931,UGREEN Nexode 20000mAh - Green,Power Banks,655000.00,"Power Banks item from the Electronics catalog, prepared for demo browsing, search, recommendation, and RAG retrieval scenarios."
932,Sony SRS-XB100 - Green,Speakers,663000.00,"Speakers item from the Electronics catalog, prepared for demo browsing, search, recommendation, and RAG retrieval scenarios."
933,Cuckoo CRP-P1009S Pressure Rice Cooker - Graphite,Cookers,671000.00,"Cookers item from the Electronics catalog, prepared for demo browsing, search, recommendation, and RAG retrieval scenarios."
934,Sharp Superheated Steam Oven - Graphite,Ovens,679000.00,"Ovens item from the Electronics catalog, prepared for demo browsing, search, recommendation, and RAG retrieval scenarios."
935,Tefal Easy Fry Grill & Steam - Graphite,Air Fryers,687000.00,"Air Fryers item from the Electronics catalog, prepared for demo browsing, search, recommendation, and RAG retrieval scenarios."
936,Panasonic Inverter Microwave NN-SN966S - Navy,Microwaves,695000.00,"Microwaves item from the Electronics catalog, prepared for demo browsing, search, recommendation, and RAG retrieval scenarios."
937,Samsung Galaxy S24 Ultra - Silver,Smartphones,703000.00,"Smartphones item from the Electronics catalog, prepared for demo browsing, search, recommendation, and RAG retrieval scenarios."
938,Lenovo ThinkPad X1 Carbon - Silver,Laptops,711000.00,"Laptops item from the Electronics catalog, prepared for demo browsing, search, recommendation, and RAG retrieval scenarios."
939,Sony WF-1000XM5 - Green,Earbuds,719000.00,"Earbuds item from the Electronics catalog, prepared for demo browsing, search, recommendation, and RAG retrieval scenarios."
940,Xiaomi Power Bank 20000 - Graphite,Power Banks,727000.00,"Power Banks item from the Electronics catalog, prepared for demo browsing, search, recommendation, and RAG retrieval scenarios."
941,Sonos Roam SL - Graphite,Speakers,735000.00,"Speakers item from the Electronics catalog, prepared for demo browsing, search, recommendation, and RAG retrieval scenarios."
942,Zojirushi Neuro Fuzzy Rice Cooker - Natural,Cookers,743000.00,"Cookers item from the Electronics catalog, prepared for demo browsing, search, recommendation, and RAG retrieval scenarios."
943,KitchenAid Digital Countertop Oven - Natural,Ovens,750000.00,"Ovens item from the Electronics catalog, prepared for demo browsing, search, recommendation, and RAG retrieval scenarios."
944,Instant Vortex Plus Air Fryer - Natural,Air Fryers,758000.00,"Air Fryers item from the Electronics catalog, prepared for demo browsing, search, recommendation, and RAG retrieval scenarios."
945,IKEA Kallax Shelf Unit,Storage & Organization,127000.00,"Storage & Organization item from the Home & Living catalog, prepared for demo browsing, search, recommendation, and RAG retrieval scenarios."
946,HAY Colour Crate,Decor,135000.00,"Decor item from the Home & Living catalog, prepared for demo browsing, search, recommendation, and RAG retrieval scenarios."
947,Lodge Cast Iron Skillet,Kitchen & Dining,143000.00,"Kitchen & Dining item from the Home & Living catalog, prepared for demo browsing, search, recommendation, and RAG retrieval scenarios."
948,Dyson Solarcycle Morph Desk Light,Lighting,151000.00,"Lighting item from the Home & Living catalog, prepared for demo browsing, search, recommendation, and RAG retrieval scenarios."
949,Umbra Cubiko Wall Organizer,Storage & Organization,159000.00,"Storage & Organization item from the Home & Living catalog, prepared for demo browsing, search, recommendation, and RAG retrieval scenarios."
950,Muji Aroma Diffuser,Decor,167000.00,"Decor item from the Home & Living catalog, prepared for demo browsing, search, recommendation, and RAG retrieval scenarios."
951,Hario V60 Dripper Set - White,Kitchen & Dining,175000.00,"Kitchen & Dining item from the Home & Living catalog, prepared for demo browsing, search, recommendation, and RAG retrieval scenarios."
952,IKEA Tertial Work Lamp - White,Lighting,183000.00,"Lighting item from the Home & Living catalog, prepared for demo browsing, search, recommendation, and RAG retrieval scenarios."
953,OXO Pop Container Set - White,Storage & Organization,191000.00,"Storage & Organization item from the Home & Living catalog, prepared for demo browsing, search, recommendation, and RAG retrieval scenarios."
954,Yamazaki Rin Side Table - White,Decor,199000.00,"Decor item from the Home & Living catalog, prepared for demo browsing, search, recommendation, and RAG retrieval scenarios."
955,Garmin Forerunner 265,Running,157000.00,"Running item from the Sports & Outdoors catalog, prepared for demo browsing, search, recommendation, and RAG retrieval scenarios."
956,Wahoo ELEMNT Bolt V2,Cycling,165000.00,"Cycling item from the Sports & Outdoors catalog, prepared for demo browsing, search, recommendation, and RAG retrieval scenarios."
957,Therm-a-Rest NeoAir XLite,Camping,173000.00,"Camping item from the Sports & Outdoors catalog, prepared for demo browsing, search, recommendation, and RAG retrieval scenarios."
958,Theragun Mini,Fitness,181000.00,"Fitness item from the Sports & Outdoors catalog, prepared for demo browsing, search, recommendation, and RAG retrieval scenarios."
959,Nathan QuickSqueeze Bottle,Running,189000.00,"Running item from the Sports & Outdoors catalog, prepared for demo browsing, search, recommendation, and RAG retrieval scenarios."
960,Kryptonite Evolution Mini-7 Lock,Cycling,197000.00,"Cycling item from the Sports & Outdoors catalog, prepared for demo browsing, search, recommendation, and RAG retrieval scenarios."
961,Coleman Skydome Tent - White,Camping,205000.00,"Camping item from the Sports & Outdoors catalog, prepared for demo browsing, search, recommendation, and RAG retrieval scenarios."
962,Bowflex SelectTech 552 Dumbbells - White,Fitness,213000.00,"Fitness item from the Sports & Outdoors catalog, prepared for demo browsing, search, recommendation, and RAG retrieval scenarios."
963,ASICS Novablast 4 - White,Running,221000.00,"Running item from the Sports & Outdoors catalog, prepared for demo browsing, search, recommendation, and RAG retrieval scenarios."
964,Lezyne Micro Drive 800XL - White,Cycling,229000.00,"Cycling item from the Sports & Outdoors catalog, prepared for demo browsing, search, recommendation, and RAG retrieval scenarios."
965,YETI Rambler 26 oz Bottle - White,Camping,237000.00,"Camping item from the Sports & Outdoors catalog, prepared for demo browsing, search, recommendation, and RAG retrieval scenarios."
966,Garmin Venu 3 - White,Fitness,245000.00,"Fitness item from the Sports & Outdoors catalog, prepared for demo browsing, search, recommendation, and RAG retrieval scenarios."
967,Garmin Forerunner 265 - Blue,Running,252000.00,"Running item from the Sports & Outdoors catalog, prepared for demo browsing, search, recommendation, and RAG retrieval scenarios."
968,Wahoo ELEMNT Bolt V2 - Blue,Cycling,260000.00,"Cycling item from the Sports & Outdoors catalog, prepared for demo browsing, search, recommendation, and RAG retrieval scenarios."
969,Therm-a-Rest NeoAir XLite - Blue,Camping,268000.00,"Camping item from the Sports & Outdoors catalog, prepared for demo browsing, search, recommendation, and RAG retrieval scenarios."
970,Theragun Mini - Blue,Fitness,276000.00,"Fitness item from the Sports & Outdoors catalog, prepared for demo browsing, search, recommendation, and RAG retrieval scenarios."
971,Nathan QuickSqueeze Bottle - Blue,Running,284000.00,"Running item from the Sports & Outdoors catalog, prepared for demo browsing, search, recommendation, and RAG retrieval scenarios."
972,Kryptonite Evolution Mini-7 Lock - Blue,Cycling,292000.00,"Cycling item from the Sports & Outdoors catalog, prepared for demo browsing, search, recommendation, and RAG retrieval scenarios."
973,Coleman Skydome Tent - Silver,Camping,300000.00,"Camping item from the Sports & Outdoors catalog, prepared for demo browsing, search, recommendation, and RAG retrieval scenarios."
974,Bowflex SelectTech 552 Dumbbells - Silver,Fitness,308000.00,"Fitness item from the Sports & Outdoors catalog, prepared for demo browsing, search, recommendation, and RAG retrieval scenarios."
975,ASICS Novablast 4 - Silver,Running,316000.00,"Running item from the Sports & Outdoors catalog, prepared for demo browsing, search, recommendation, and RAG retrieval scenarios."
976,Lezyne Micro Drive 800XL - Silver,Cycling,324000.00,"Cycling item from the Sports & Outdoors catalog, prepared for demo browsing, search, recommendation, and RAG retrieval scenarios."
977,YETI Rambler 26 oz Bottle - Silver,Camping,332000.00,"Camping item from the Sports & Outdoors catalog, prepared for demo browsing, search, recommendation, and RAG retrieval scenarios."
978,Garmin Venu 3 - Silver,Fitness,340000.00,"Fitness item from the Sports & Outdoors catalog, prepared for demo browsing, search, recommendation, and RAG retrieval scenarios."
979,Garmin Forerunner 265 - Green,Running,347000.00,"Running item from the Sports & Outdoors catalog, prepared for demo browsing, search, recommendation, and RAG retrieval scenarios."
980,Wahoo ELEMNT Bolt V2 - Green,Cycling,355000.00,"Cycling item from the Sports & Outdoors catalog, prepared for demo browsing, search, recommendation, and RAG retrieval scenarios."
981,Therm-a-Rest NeoAir XLite - Green,Camping,363000.00,"Camping item from the Sports & Outdoors catalog, prepared for demo browsing, search, recommendation, and RAG retrieval scenarios."
982,Theragun Mini - Green,Fitness,371000.00,"Fitness item from the Sports & Outdoors catalog, prepared for demo browsing, search, recommendation, and RAG retrieval scenarios."
983,Nathan QuickSqueeze Bottle - Green,Running,379000.00,"Running item from the Sports & Outdoors catalog, prepared for demo browsing, search, recommendation, and RAG retrieval scenarios."
984,Kryptonite Evolution Mini-7 Lock - Green,Cycling,387000.00,"Cycling item from the Sports & Outdoors catalog, prepared for demo browsing, search, recommendation, and RAG retrieval scenarios."
985,Coleman Skydome Tent - Graphite,Camping,395000.00,"Camping item from the Sports & Outdoors catalog, prepared for demo browsing, search, recommendation, and RAG retrieval scenarios."
986,Bowflex SelectTech 552 Dumbbells - Graphite,Fitness,403000.00,"Fitness item from the Sports & Outdoors catalog, prepared for demo browsing, search, recommendation, and RAG retrieval scenarios."
987,ASICS Novablast 4 - Graphite,Running,411000.00,"Running item from the Sports & Outdoors catalog, prepared for demo browsing, search, recommendation, and RAG retrieval scenarios."
988,Lezyne Micro Drive 800XL - Graphite,Cycling,419000.00,"Cycling item from the Sports & Outdoors catalog, prepared for demo browsing, search, recommendation, and RAG retrieval scenarios."
989,YETI Rambler 26 oz Bottle - Graphite,Camping,427000.00,"Camping item from the Sports & Outdoors catalog, prepared for demo browsing, search, recommendation, and RAG retrieval scenarios."
990,Garmin Venu 3 - Graphite,Fitness,435000.00,"Fitness item from the Sports & Outdoors catalog, prepared for demo browsing, search, recommendation, and RAG retrieval scenarios."
991,Garmin Forerunner 265 - Navy,Running,443000.00,"Running item from the Sports & Outdoors catalog, prepared for demo browsing, search, recommendation, and RAG retrieval scenarios."
992,Wahoo ELEMNT Bolt V2 - Navy,Cycling,450000.00,"Cycling item from the Sports & Outdoors catalog, prepared for demo browsing, search, recommendation, and RAG retrieval scenarios."
993,Therm-a-Rest NeoAir XLite - Navy,Camping,458000.00,"Camping item from the Sports & Outdoors catalog, prepared for demo browsing, search, recommendation, and RAG retrieval scenarios."
994,Theragun Mini - Navy,Fitness,466000.00,"Fitness item from the Sports & Outdoors catalog, prepared for demo browsing, search, recommendation, and RAG retrieval scenarios."
995,Nathan QuickSqueeze Bottle - Navy,Running,474000.00,"Running item from the Sports & Outdoors catalog, prepared for demo browsing, search, recommendation, and RAG retrieval scenarios."
996,Kryptonite Evolution Mini-7 Lock - Navy,Cycling,482000.00,"Cycling item from the Sports & Outdoors catalog, prepared for demo browsing, search, recommendation, and RAG retrieval scenarios."
997,Coleman Skydome Tent - Natural,Camping,490000.00,"Camping item from the Sports & Outdoors catalog, prepared for demo browsing, search, recommendation, and RAG retrieval scenarios."
998,Bowflex SelectTech 552 Dumbbells - Natural,Fitness,498000.00,"Fitness item from the Sports & Outdoors catalog, prepared for demo browsing, search, recommendation, and RAG retrieval scenarios."
999,ASICS Novablast 4 - Natural,Running,506000.00,"Running item from the Sports & Outdoors catalog, prepared for demo browsing, search, recommendation, and RAG retrieval scenarios."
1000,Lezyne Micro Drive 800XL - Natural,Cycling,514000.00,"Cycling item from the Sports & Outdoors catalog, prepared for demo browsing, search, recommendation, and RAG retrieval scenarios."
1001,YETI Rambler 26 oz Bottle - Natural,Camping,522000.00,"Camping item from the Sports & Outdoors catalog, prepared for demo browsing, search, recommendation, and RAG retrieval scenarios."
1002,Garmin Venu 3 - Natural,Fitness,530000.00,"Fitness item from the Sports & Outdoors catalog, prepared for demo browsing, search, recommendation, and RAG retrieval scenarios."
1003,Garmin Forerunner 265 - Black,Running,538000.00,"Running item from the Sports & Outdoors catalog, prepared for demo browsing, search, recommendation, and RAG retrieval scenarios."
1004,Wahoo ELEMNT Bolt V2 - Black,Cycling,545000.00,"Cycling item from the Sports & Outdoors catalog, prepared for demo browsing, search, recommendation, and RAG retrieval scenarios."
1005,Therm-a-Rest NeoAir XLite - Black,Camping,553000.00,"Camping item from the Sports & Outdoors catalog, prepared for demo browsing, search, recommendation, and RAG retrieval scenarios."
1006,Theragun Mini - Black,Fitness,561000.00,"Fitness item from the Sports & Outdoors catalog, prepared for demo browsing, search, recommendation, and RAG retrieval scenarios."
1007,Nathan QuickSqueeze Bottle - Black,Running,569000.00,"Running item from the Sports & Outdoors catalog, prepared for demo browsing, search, recommendation, and RAG retrieval scenarios."
1008,Kryptonite Evolution Mini-7 Lock - Black,Cycling,577000.00,"Cycling item from the Sports & Outdoors catalog, prepared for demo browsing, search, recommendation, and RAG retrieval scenarios."
1009,MSR PocketRocket 2 Stove - White,Camping,593000.00,"Camping item from the Sports & Outdoors catalog, prepared for demo browsing, search, recommendation, and RAG retrieval scenarios."
1010,TRX All-in-One Suspension Trainer - White,Fitness,601000.00,"Fitness item from the Sports & Outdoors catalog, prepared for demo browsing, search, recommendation, and RAG retrieval scenarios."
1011,Salomon Active Skin 8 Vest - White,Running,609000.00,"Running item from the Sports & Outdoors catalog, prepared for demo browsing, search, recommendation, and RAG retrieval scenarios."
1012,Topeak JoeBlow Sport III Pump - White,Cycling,617000.00,"Cycling item from the Sports & Outdoors catalog, prepared for demo browsing, search, recommendation, and RAG retrieval scenarios."
1013,Sea to Summit Dry Bag - White,Camping,625000.00,"Camping item from the Sports & Outdoors catalog, prepared for demo browsing, search, recommendation, and RAG retrieval scenarios."
1014,Manduka PRO Yoga Mat - Blue,Fitness,633000.00,"Fitness item from the Sports & Outdoors catalog, prepared for demo browsing, search, recommendation, and RAG retrieval scenarios."
1015,Nike Pegasus 40 - Blue,Running,640000.00,"Running item from the Sports & Outdoors catalog, prepared for demo browsing, search, recommendation, and RAG retrieval scenarios."
1016,Giro Syntax MIPS Helmet - Blue,Cycling,648000.00,"Cycling item from the Sports & Outdoors catalog, prepared for demo browsing, search, recommendation, and RAG retrieval scenarios."
1017,Black Diamond Spot 400 Headlamp - Blue,Camping,656000.00,"Camping item from the Sports & Outdoors catalog, prepared for demo browsing, search, recommendation, and RAG retrieval scenarios."
